GUID,ifc_type,material,quantity,unit,unit_price,line_total,trade_group,note
1hOSvn6df7F8_7GcBWlRGQ,IfcDoor,(exterior door),1,unit,1450.0,1450.0,Openings,
1hOSvn6df7F8_7GcBWlRH8,IfcDoor,(exterior door),1,unit,1450.0,1450.0,Openings,
1hOSvn6df7F8_7GcBWlS8Z,IfcDoor,(interior door),1,unit,260.0,260.0,Openings,
1hOSvn6df7F8_7GcBWlS9F,IfcDoor,(interior door),1,unit,260.0,260.0,Openings,
1hOSvn6df7F8_7GcBWlSFK,IfcDoor,(interior door),1,unit,260.0,260.0,Openings,
1hOSvn6df7F8_7GcBWlSDm,IfcDoor,(interior door),1,unit,260.0,260.0,Openings,
2OBrcmyk58NupXoVOHUuXp,IfcDoor,(interior door),1,unit,260.0,260.0,Openings,
2OBrcmyk58NupXoVOHUvVV,IfcDoor,(interior door),1,unit,260.0,260.0,Openings,
2OBrcmyk58NupXoVOHUvR4,IfcDoor,(interior door),1,unit,260.0,260.0,Openings,
2OBrcmyk58NupXoVOHUvPL,IfcDoor,(interior door),1,unit,260.0,260.0,Openings,
1s1jVhK8z0pgKYcr9jt781,IfcDoor,(exterior door),1,unit,1450.0,1450.0,Openings,
1s1jVhK8z0pgKYcr9jt7AB,IfcDoor,(exterior door),1,unit,1450.0,1450.0,Openings,
1aj$VJZFn2TxepZUBcKp$i,IfcDoor,(interior door),1,unit,260.0,260.0,Openings,
1aj$VJZFn2TxepZUBcKpac,IfcDoor,(interior door),1,unit,260.0,260.0,Openings,
1hOSvn6df7F8_7GcBWlR72,IfcWindow,(glazing),11.7007,m2,420.0,4914.29,Openings,
1hOSvn6df7F8_7GcBWlRBU,IfcWindow,(glazing),11.7007,m2,420.0,4914.29,Openings,
1hOSvn6df7F8_7GcBWlRLx,IfcWindow,(glazing),1.65,m2,420.0,693.0,Openings,
1hOSvn6df7F8_7GcBWlRRL,IfcWindow,(glazing),1.65,m2,420.0,693.0,Openings,
1hOSvn6df7F8_7GcBWlSXO,IfcWindow,(glazing),6.748,m2,420.0,2834.16,Openings,
1hOSvn6df7F8_7GcBWlSga,IfcWindow,(glazing),0.6216,m2,420.0,261.08,Openings,
1hOSvn6df7F8_7GcBWlSp1,IfcWindow,(glazing),0.6216,m2,420.0,261.08,Openings,
1hOSvn6df7F8_7GcBWlSnC,IfcWindow,(glazing),0.6216,m2,420.0,261.08,Openings,
1hOSvn6df7F8_7GcBWlS_W,IfcWindow,(glazing),6.748,m2,420.0,2834.16,Openings,
1hOSvn6df7F8_7GcBWlS2V,IfcWindow,(glazing),0.6216,m2,420.0,261.08,Openings,
1hOSvn6df7F8_7GcBWlS1M,IfcWindow,(glazing),0.6216,m2,420.0,261.08,Openings,
1hOSvn6df7F8_7GcBWlS4Q,IfcWindow,(glazing),0.6216,m2,420.0,261.08,Openings,
1l0GAJtRTFv8$zmKJOH4$e,IfcWindow,(glazing),6.748,m2,420.0,2834.16,Openings,
1l0GAJtRTFv8$zmKJOH4u1,IfcWindow,(glazing),0.6216,m2,420.0,261.08,Openings,
1l0GAJtRTFv8$zmKJOH4qs,IfcWindow,(glazing),0.6216,m2,420.0,261.08,Openings,
1l0GAJtRTFv8$zmKJOH4oq,IfcWindow,(glazing),0.6216,m2,420.0,261.08,Openings,
1l0GAJtRTFv8$zmKJOH4pU,IfcWindow,(glazing),6.748,m2,420.0,2834.16,Openings,
1l0GAJtRTFv8$zmKJOH4kJ,IfcWindow,(glazing),0.6216,m2,420.0,261.08,Openings,
1l0GAJtRTFv8$zmKJOH4gQ,IfcWindow,(glazing),0.6216,m2,420.0,261.08,Openings,
1l0GAJtRTFv8$zmKJOH4hv,IfcWindow,(glazing),0.6216,m2,420.0,261.08,Openings,
1l0GAJtRTFv8$zmKJOH4aS,IfcWindow,(glazing),1.65,m2,420.0,693.0,Openings,
1l0GAJtRTFv8$zmKJOH4ZZ,IfcWindow,(glazing),1.65,m2,420.0,693.0,Openings,
1Eo2$BaHX42AEkDvQQDocD,IfcWindow,(glazing),0.7443,m2,420.0,312.62,Openings,
1Eo2$BaHX42AEkDvQQDoy2,IfcWindow,(glazing),0.7443,m2,420.0,312.62,Openings,
2O2Fr$t4X7Zf8NOew3FKau,IfcWall,Plasterboard,49.2014,m2,9.0,442.81,Finishes,
2O2Fr$t4X7Zf8NOew3FKau,IfcWall,Metal - Stud Layer,0.1553,m3,0.0,0.0,(unpriced),missing from price list
2O2Fr$t4X7Zf8NOew3FKau,IfcWall,Masonry - Concrete Block,0.731,m3,140.0,102.34,Envelope,
2O2Fr$t4X7Zf8NOew3FKau,IfcWall,Misc. Air Layers - Air Space,0.1894,m3,0.0,0.0,(unpriced),missing from price list
2O2Fr$t4X7Zf8NOew3FKau,IfcWall,Masonry - Concrete Block,0.731,m3,140.0,102.34,Envelope,
2O2Fr$t4X7Zf8NOew3FKau,IfcWall,Metal - Stud Layer,0.1553,m3,0.0,0.0,(unpriced),missing from price list
2O2Fr$t4X7Zf8NOew3FKau,IfcWall,Plasterboard,49.2014,m2,9.0,442.81,Finishes,
2O2Fr$t4X7Zf8NOew3FNld,IfcWallStandardCase,Plasterboard,10.0145,m2,9.0,90.13,Finishes,
2O2Fr$t4X7Zf8NOew3FNld,IfcWallStandardCase,Metal - Stud Layer,0.9213,m3,0.0,0.0,(unpriced),missing from price list
2O2Fr$t4X7Zf8NOew3FNld,IfcWallStandardCase,Plasterboard,10.0145,m2,9.0,90.13,Finishes,
2O2Fr$t4X7Zf8NOew3FNbT,IfcWallStandardCase,Plasterboard,11.7418,m2,9.0,105.68,Finishes,
2O2Fr$t4X7Zf8NOew3FNbT,IfcWallStandardCase,Metal - Stud Layer,0.4315,m3,0.0,0.0,(unpriced),missing from price list
2O2Fr$t4X7Zf8NOew3FNbT,IfcWallStandardCase,Masonry - Concrete Block,2.0313,m3,140.0,284.38,Envelope,
2O2Fr$t4X7Zf8NOew3FNbT,IfcWallStandardCase,Misc. Air Layers - Air Space,0.5262,m3,0.0,0.0,(unpriced),missing from price list
2O2Fr$t4X7Zf8NOew3FNbT,IfcWallStandardCase,Masonry - Concrete Block,2.0313,m3,140.0,284.38,Envelope,
2O2Fr$t4X7Zf8NOew3FNbT,IfcWallStandardCase,Metal - Stud Layer,0.4315,m3,0.0,0.0,(unpriced),missing from price list
2O2Fr$t4X7Zf8NOew3FNbT,IfcWallStandardCase,Plasterboard,11.7418,m2,9.0,105.68,Finishes,
2O2Fr$t4X7Zf8NOew3FKRi,IfcWallStandardCase,Plasterboard,11.7418,m2,9.0,105.68,Finishes,
2O2Fr$t4X7Zf8NOew3FKRi,IfcWallStandardCase,Metal - Stud Layer,0.4315,m3,0.0,0.0,(unpriced),missing from price list
2O2Fr$t4X7Zf8NOew3FKRi,IfcWallStandardCase,Masonry - Concrete Block,2.0313,m3,140.0,284.38,Envelope,
2O2Fr$t4X7Zf8NOew3FKRi,IfcWallStandardCase,Misc. Air Layers - Air Space,0.5262,m3,0.0,0.0,(unpriced),missing from price list
2O2Fr$t4X7Zf8NOew3FKRi,IfcWallStandardCase,Masonry - Concrete Block,2.0313,m3,140.0,284.38,Envelope,
2O2Fr$t4X7Zf8NOew3FKRi,IfcWallStandardCase,Metal - Stud Layer,0.4315,m3,0.0,0.0,(unpriced),missing from price list
2O2Fr$t4X7Zf8NOew3FKRi,IfcWallStandardCase,Plasterboard,11.7418,m2,9.0,105.68,Finishes,
2O2Fr$t4X7Zf8NOew3FKRH,IfcWallStandardCase,Plasterboard,6.149,m2,9.0,55.34,Finishes,
2O2Fr$t4X7Zf8NOew3FKRH,IfcWallStandardCase,Metal - Stud Layer,0.2129,m3,0.0,0.0,(unpriced),missing from price list
2O2Fr$t4X7Zf8NOew3FKRH,IfcWallStandardCase,Masonry - Concrete Block,1.0023,m3,140.0,140.32,Envelope,
2O2Fr$t4X7Zf8NOew3FKRH,IfcWallStandardCase,Misc. Air Layers - Air Space,0.2597,m3,0.0,0.0,(unpriced),missing from price list
2O2Fr$t4X7Zf8NOew3FKRH,IfcWallStandardCase,Masonry - Concrete Block,1.0023,m3,140.0,140.32,Envelope,
2O2Fr$t4X7Zf8NOew3FKRH,IfcWallStandardCase,Metal - Stud Layer,0.2129,m3,0.0,0.0,(unpriced),missing from price list
2O2Fr$t4X7Zf8NOew3FKRH,IfcWallStandardCase,Plasterboard,6.149,m2,9.0,55.34,Finishes,
2O2Fr$t4X7Zf8NOew3FKIu,IfcWallStandardCase,Plasterboard,4.0695,m2,9.0,36.63,Finishes,
2O2Fr$t4X7Zf8NOew3FKIu,IfcWallStandardCase,Metal - Stud Layer,0.3744,m3,0.0,0.0,(unpriced),missing from price list
2O2Fr$t4X7Zf8NOew3FKIu,IfcWallStandardCase,Plasterboard,4.0695,m2,9.0,36.63,Finishes,
2O2Fr$t4X7Zf8NOew3FKGS,IfcWallStandardCase,Plasterboard,10.0145,m2,9.0,90.13,Finishes,
2O2Fr$t4X7Zf8NOew3FKGS,IfcWallStandardCase,Metal - Stud Layer,0.9213,m3,0.0,0.0,(unpriced),missing from price list
2O2Fr$t4X7Zf8NOew3FKGS,IfcWallStandardCase,Plasterboard,10.0145,m2,9.0,90.13,Finishes,
2O2Fr$t4X7Zf8NOew3FK80,IfcWallStandardCase,Concrete - Cast In Situ,4.587,m3,180.0,825.66,Structure,
2O2Fr$t4X7Zf8NOew3FK9N,IfcWallStandardCase,Concrete - Cast In Situ,9.0609,m3,180.0,1630.96,Structure,
2O2Fr$t4X7Zf8NOew3FKEr,IfcWallStandardCase,Concrete - Cast In Situ,4.3696,m3,180.0,786.53,Structure,
2O2Fr$t4X7Zf8NOew3FKE5,IfcWallStandardCase,Concrete - Cast In Situ,8.8435,m3,180.0,1591.83,Structure,
2O2Fr$t4X7Zf8NOew3FK3E,IfcWallStandardCase,Concrete - Cast In Situ,2.284,m3,180.0,411.12,Structure,
2O2Fr$t4X7Zf8NOew3FK04,IfcWallStandardCase,Concrete - Cast In Situ,2.284,m3,180.0,411.12,Structure,
2O2Fr$t4X7Zf8NOew3FK1b,IfcWallStandardCase,Concrete - Cast In Situ,0.8622,m3,180.0,155.2,Structure,
2O2Fr$t4X7Zf8NOew3FLMr,IfcWallStandardCase,Plasterboard,4.6951,m2,9.0,42.26,Finishes,
2O2Fr$t4X7Zf8NOew3FLMr,IfcWallStandardCase,Metal - Stud Layer,0.7137,m3,0.0,0.0,(unpriced),missing from price list
2O2Fr$t4X7Zf8NOew3FLMr,IfcWallStandardCase,Plasterboard,4.6951,m2,9.0,42.26,Finishes,
2O2Fr$t4X7Zf8NOew3FLKI,IfcWallStandardCase,Plasterboard,4.6951,m2,9.0,42.26,Finishes,
2O2Fr$t4X7Zf8NOew3FLKI,IfcWallStandardCase,Metal - Stud Layer,0.4319,m3,0.0,0.0,(unpriced),missing from price list
2O2Fr$t4X7Zf8NOew3FLKI,IfcWallStandardCase,Plasterboard,4.6951,m2,9.0,42.26,Finishes,
2O2Fr$t4X7Zf8NOew3FLEJ,IfcWallStandardCase,Plasterboard,4.6951,m2,9.0,42.26,Finishes,
2O2Fr$t4X7Zf8NOew3FLEJ,IfcWallStandardCase,Metal - Stud Layer,0.4319,m3,0.0,0.0,(unpriced),missing from price list
2O2Fr$t4X7Zf8NOew3FLEJ,IfcWallStandardCase,Plasterboard,4.6951,m2,9.0,42.26,Finishes,
2O2Fr$t4X7Zf8NOew3FLCm,IfcWallStandardCase,Plasterboard,4.6951,m2,9.0,42.26,Finishes,
2O2Fr$t4X7Zf8NOew3FLCm,IfcWallStandardCase,Metal - Stud Layer,0.7137,m3,0.0,0.0,(unpriced),missing from price list
2O2Fr$t4X7Zf8NOew3FLCm,IfcWallStandardCase,Plasterboard,4.6951,m2,9.0,42.26,Finishes,
2O2Fr$t4X7Zf8NOew3FNqI,IfcWallStandardCase,Masonry - Brick,4.5747,m3,280.0,1280.91,Envelope,
2O2Fr$t4X7Zf8NOew3FNqI,IfcWallStandardCase,Misc. Air Layers - Air Space,1.2431,m3,0.0,0.0,(unpriced),missing from price list
2O2Fr$t4X7Zf8NOew3FNqI,IfcWallStandardCase,Insulation / Thermal Barriers - Rigid insulation,2.4862,m3,210.0,522.11,Envelope,
2O2Fr$t4X7Zf8NOew3FNqI,IfcWallStandardCase,Masonry - Concrete Block,9.5969,m3,140.0,1343.56,Envelope,
2O2Fr$t4X7Zf8NOew3FNqI,IfcWallStandardCase,Metal - Stud Layer,2.0387,m3,0.0,0.0,(unpriced),missing from price list
2O2Fr$t4X7Zf8NOew3FNqI,IfcWallStandardCase,Plasterboard,53.8873,m2,9.0,484.99,Finishes,
2O2Fr$t4X7Zf8NOew3FNhv,IfcWallStandardCase,Masonry - Brick,4.4558,m3,280.0,1247.61,Envelope,
2O2Fr$t4X7Zf8NOew3FNhv,IfcWallStandardCase,Misc. Air Layers - Air Space,1.2108,m3,0.0,0.0,(unpriced),missing from price list
2O2Fr$t4X7Zf8NOew3FNhv,IfcWallStandardCase,Insulation / Thermal Barriers - Rigid insulation,2.4216,m3,210.0,508.54,Envelope,
2O2Fr$t4X7Zf8NOew3FNhv,IfcWallStandardCase,Masonry - Concrete Block,9.3474,m3,140.0,1308.64,Envelope,
2O2Fr$t4X7Zf8NOew3FNhv,IfcWallStandardCase,Metal - Stud Layer,1.9857,m3,0.0,0.0,(unpriced),missing from price list
2O2Fr$t4X7Zf8NOew3FNhv,IfcWallStandardCase,Plasterboard,52.5946,m2,9.0,473.35,Finishes,
2O2Fr$t4X7Zf8NOew3FLQD,IfcWallStandardCase,Masonry - Brick,1.4442,m3,280.0,404.38,Envelope,
2O2Fr$t4X7Zf8NOew3FLQD,IfcWallStandardCase,Misc. Air Layers - Air Space,0.3924,m3,0.0,0.0,(unpriced),missing from price list
2O2Fr$t4X7Zf8NOew3FLQD,IfcWallStandardCase,Insulation / Thermal Barriers - Rigid insulation,0.7849,m3,210.0,164.83,Envelope,
2O2Fr$t4X7Zf8NOew3FLQD,IfcWallStandardCase,Masonry - Concrete Block,3.0297,m3,140.0,424.16,Envelope,
2O2Fr$t4X7Zf8NOew3FLQD,IfcWallStandardCase,Metal - Stud Layer,0.6436,m3,0.0,0.0,(unpriced),missing from price list
2O2Fr$t4X7Zf8NOew3FLQD,IfcWallStandardCase,Plasterboard,25.52,m2,9.0,229.68,Finishes,
2O2Fr$t4X7Zf8NOew3FLOH,IfcWallStandardCase,Masonry - Brick,1.4442,m3,280.0,404.38,Envelope,
2O2Fr$t4X7Zf8NOew3FLOH,IfcWallStandardCase,Misc. Air Layers - Air Space,0.3924,m3,0.0,0.0,(unpriced),missing from price list
2O2Fr$t4X7Zf8NOew3FLOH,IfcWallStandardCase,Insulation / Thermal Barriers - Rigid insulation,0.7849,m3,210.0,164.83,Envelope,
2O2Fr$t4X7Zf8NOew3FLOH,IfcWallStandardCase,Masonry - Concrete Block,3.0297,m3,140.0,424.16,Envelope,
2O2Fr$t4X7Zf8NOew3FLOH,IfcWallStandardCase,Metal - Stud Layer,0.6436,m3,0.0,0.0,(unpriced),missing from price list
2O2Fr$t4X7Zf8NOew3FLOH,IfcWallStandardCase,Plasterboard,25.52,m2,9.0,229.68,Finishes,
2O2Fr$t4X7Zf8NOew3FKST,IfcWallStandardCase,Plasterboard,8.1614,m2,9.0,73.45,Finishes,
2O2Fr$t4X7Zf8NOew3FKST,IfcWallStandardCase,Metal - Stud Layer,0.6084,m3,0.0,0.0,(unpriced),missing from price list
2O2Fr$t4X7Zf8NOew3FKST,IfcWallStandardCase,Plasterboard,8.1614,m2,9.0,73.45,Finishes,
2O2Fr$t4X7Zf8NOew3FNau,IfcWallStandardCase,Plasterboard,8.1614,m2,9.0,73.45,Finishes,
2O2Fr$t4X7Zf8NOew3FNau,IfcWallStandardCase,Metal - Stud Layer,0.6084,m3,0.0,0.0,(unpriced),missing from price list
2O2Fr$t4X7Zf8NOew3FNau,IfcWallStandardCase,Plasterboard,8.1614,m2,9.0,73.45,Finishes,
2O2Fr$t4X7Zf8NOew3FLTF,IfcWallStandardCase,Plasterboard,7.0775,m2,9.0,63.7,Finishes,
2O2Fr$t4X7Zf8NOew3FLTF,IfcWallStandardCase,Metal - Stud Layer,0.4896,m3,0.0,0.0,(unpriced),missing from price list
2O2Fr$t4X7Zf8NOew3FLTF,IfcWallStandardCase,Plasterboard,7.0775,m2,9.0,63.7,Finishes,
2O2Fr$t4X7Zf8NOew3FL8v,IfcWallStandardCase,Plasterboard,7.0775,m2,9.0,63.7,Finishes,
2O2Fr$t4X7Zf8NOew3FL8v,IfcWallStandardCase,Metal - Stud Layer,0.4896,m3,0.0,0.0,(unpriced),missing from price list
2O2Fr$t4X7Zf8NOew3FL8v,IfcWallStandardCase,Plasterboard,7.0775,m2,9.0,63.7,Finishes,
2O2Fr$t4X7Zf8NOew3FLJd,IfcWallStandardCase,Plasterboard,5.6985,m2,9.0,51.29,Finishes,
2O2Fr$t4X7Zf8NOew3FLJd,IfcWallStandardCase,Metal - Stud Layer,0.3627,m3,0.0,0.0,(unpriced),missing from price list
2O2Fr$t4X7Zf8NOew3FLJd,IfcWallStandardCase,Plasterboard,5.6985,m2,9.0,51.29,Finishes,
2O2Fr$t4X7Zf8NOew3FL96,IfcWallStandardCase,Plasterboard,5.6985,m2,9.0,51.29,Finishes,
2O2Fr$t4X7Zf8NOew3FL96,IfcWallStandardCase,Metal - Stud Layer,0.3627,m3,0.0,0.0,(unpriced),missing from price list
2O2Fr$t4X7Zf8NOew3FL96,IfcWallStandardCase,Plasterboard,5.6985,m2,9.0,51.29,Finishes,
2O2Fr$t4X7Zf8NOew3FLIE,IfcWallStandardCase,Plasterboard,15.7296,m2,9.0,141.57,Finishes,
2O2Fr$t4X7Zf8NOew3FLIE,IfcWallStandardCase,Metal - Stud Layer,1.2856,m3,0.0,0.0,(unpriced),missing from price list
2O2Fr$t4X7Zf8NOew3FLIE,IfcWallStandardCase,Plasterboard,15.7296,m2,9.0,141.57,Finishes,
2O2Fr$t4X7Zf8NOew3FL9r,IfcWallStandardCase,Plasterboard,15.7296,m2,9.0,141.57,Finishes,
2O2Fr$t4X7Zf8NOew3FL9r,IfcWallStandardCase,Metal - Stud Layer,1.2856,m3,0.0,0.0,(unpriced),missing from price list
2O2Fr$t4X7Zf8NOew3FL9r,IfcWallStandardCase,Plasterboard,15.7296,m2,9.0,141.57,Finishes,
2O2Fr$t4X7Zf8NOew3FNtn,IfcWallStandardCase,Masonry - Brick,1.2523,m3,280.0,350.64,Envelope,
2O2Fr$t4X7Zf8NOew3FNtn,IfcWallStandardCase,Misc. Air Layers - Air Space,0.3403,m3,0.0,0.0,(unpriced),missing from price list
2O2Fr$t4X7Zf8NOew3FNtn,IfcWallStandardCase,Insulation / Thermal Barriers - Rigid insulation,0.6806,m3,210.0,142.92,Envelope,
2O2Fr$t4X7Zf8NOew3FNtn,IfcWallStandardCase,Masonry - Concrete Block,2.6271,m3,140.0,367.79,Envelope,
2O2Fr$t4X7Zf8NOew3FNtn,IfcWallStandardCase,Metal - Stud Layer,0.5581,m3,0.0,0.0,(unpriced),missing from price list
2O2Fr$t4X7Zf8NOew3FNtn,IfcWallStandardCase,Plasterboard,27.28,m2,9.0,245.52,Finishes,
2O2Fr$t4X7Zf8NOew3FNr2,IfcWallStandardCase,Masonry - Brick,1.1334,m3,280.0,317.34,Envelope,
2O2Fr$t4X7Zf8NOew3FNr2,IfcWallStandardCase,Misc. Air Layers - Air Space,0.308,m3,0.0,0.0,(unpriced),missing from price list
2O2Fr$t4X7Zf8NOew3FNr2,IfcWallStandardCase,Insulation / Thermal Barriers - Rigid insulation,0.616,m3,210.0,129.35,Envelope,
2O2Fr$t4X7Zf8NOew3FNr2,IfcWallStandardCase,Masonry - Concrete Block,2.3776,m3,140.0,332.86,Envelope,
2O2Fr$t4X7Zf8NOew3FNr2,IfcWallStandardCase,Metal - Stud Layer,0.5051,m3,0.0,0.0,(unpriced),missing from price list
2O2Fr$t4X7Zf8NOew3FNr2,IfcWallStandardCase,Plasterboard,25.9873,m2,9.0,233.89,Finishes,
2O2Fr$t4X7Zf8NOew3FLR9,IfcWallStandardCase,Masonry - Brick,3.6936,m3,280.0,1034.21,Envelope,
2O2Fr$t4X7Zf8NOew3FLR9,IfcWallStandardCase,Misc. Air Layers - Air Space,1.0037,m3,0.0,0.0,(unpriced),missing from price list
2O2Fr$t4X7Zf8NOew3FLR9,IfcWallStandardCase,Insulation / Thermal Barriers - Rigid insulation,2.0074,m3,210.0,421.55,Envelope,
2O2Fr$t4X7Zf8NOew3FLR9,IfcWallStandardCase,Masonry - Concrete Block,7.7485,m3,140.0,1084.79,Envelope,
2O2Fr$t4X7Zf8NOew3FLR9,IfcWallStandardCase,Metal - Stud Layer,1.6461,m3,0.0,0.0,(unpriced),missing from price list
2O2Fr$t4X7Zf8NOew3FLR9,IfcWallStandardCase,Plasterboard,51.62,m2,9.0,464.58,Finishes,
2O2Fr$t4X7Zf8NOew3FLPP,IfcWallStandardCase,Masonry - Brick,3.6936,m3,280.0,1034.21,Envelope,
2O2Fr$t4X7Zf8NOew3FLPP,IfcWallStandardCase,Misc. Air Layers - Air Space,1.0037,m3,0.0,0.0,(unpriced),missing from price list
2O2Fr$t4X7Zf8NOew3FLPP,IfcWallStandardCase,Insulation / Thermal Barriers - Rigid insulation,2.0074,m3,210.0,421.55,Envelope,
2O2Fr$t4X7Zf8NOew3FLPP,IfcWallStandardCase,Masonry - Concrete Block,7.7485,m3,140.0,1084.79,Envelope,
2O2Fr$t4X7Zf8NOew3FLPP,IfcWallStandardCase,Metal - Stud Layer,1.6461,m3,0.0,0.0,(unpriced),missing from price list
2O2Fr$t4X7Zf8NOew3FLPP,IfcWallStandardCase,Plasterboard,51.62,m2,9.0,464.58,Finishes,
0jf0rYHfX3RAB3bSIRjmmy,IfcWallStandardCase,Masonry - Brick,0.493,m3,280.0,138.05,Envelope,
0jf0rYHfX3RAB3bSIRjmmy,IfcWallStandardCase,Misc. Air Layers - Air Space,0.134,m3,0.0,0.0,(unpriced),missing from price list
0jf0rYHfX3RAB3bSIRjmmy,IfcWallStandardCase,Insulation / Thermal Barriers - Rigid insulation,0.268,m3,210.0,56.27,Envelope,
0jf0rYHfX3RAB3bSIRjmmy,IfcWallStandardCase,Masonry - Concrete Block,1.0343,m3,140.0,144.81,Envelope,
0jf0rYHfX3RAB3bSIRjmmy,IfcWallStandardCase,Metal - Stud Layer,0.2197,m3,0.0,0.0,(unpriced),missing from price list
0jf0rYHfX3RAB3bSIRjmmy,IfcWallStandardCase,Plasterboard,5.3592,m2,9.0,48.23,Finishes,
0jf0rYHfX3RAB3bSIRjmpw,IfcWallStandardCase,Masonry - Brick,0.9739,m3,280.0,272.7,Envelope,
0jf0rYHfX3RAB3bSIRjmpw,IfcWallStandardCase,Misc. Air Layers - Air Space,0.2647,m3,0.0,0.0,(unpriced),missing from price list
0jf0rYHfX3RAB3bSIRjmpw,IfcWallStandardCase,Insulation / Thermal Barriers - Rigid insulation,0.5293,m3,210.0,111.16,Envelope,
0jf0rYHfX3RAB3bSIRjmpw,IfcWallStandardCase,Masonry - Concrete Block,2.0431,m3,140.0,286.04,Envelope,
0jf0rYHfX3RAB3bSIRjmpw,IfcWallStandardCase,Metal - Stud Layer,0.434,m3,0.0,0.0,(unpriced),missing from price list
0jf0rYHfX3RAB3bSIRjmpw,IfcWallStandardCase,Plasterboard,10.5862,m2,9.0,95.28,Finishes,
0jf0rYHfX3RAB3bSIRjmoa,IfcWallStandardCase,Masonry - Brick,0.4697,m3,280.0,131.51,Envelope,
0jf0rYHfX3RAB3bSIRjmoa,IfcWallStandardCase,Misc. Air Layers - Air Space,0.1276,m3,0.0,0.0,(unpriced),missing from price list
0jf0rYHfX3RAB3bSIRjmoa,IfcWallStandardCase,Insulation / Thermal Barriers - Rigid insulation,0.2553,m3,210.0,53.61,Envelope,
0jf0rYHfX3RAB3bSIRjmoa,IfcWallStandardCase,Masonry - Concrete Block,0.9853,m3,140.0,137.94,Envelope,
0jf0rYHfX3RAB3bSIRjmoa,IfcWallStandardCase,Metal - Stud Layer,0.2093,m3,0.0,0.0,(unpriced),missing from price list
0jf0rYHfX3RAB3bSIRjmoa,IfcWallStandardCase,Plasterboard,5.1052,m2,9.0,45.95,Finishes,
0jf0rYHfX3RAB3bSIRjmr1,IfcWallStandardCase,Masonry - Brick,0.9506,m3,280.0,266.16,Envelope,
0jf0rYHfX3RAB3bSIRjmr1,IfcWallStandardCase,Misc. Air Layers - Air Space,0.2583,m3,0.0,0.0,(unpriced),missing from price list
0jf0rYHfX3RAB3bSIRjmr1,IfcWallStandardCase,Insulation / Thermal Barriers - Rigid insulation,0.5166,m3,210.0,108.49,Envelope,
0jf0rYHfX3RAB3bSIRjmr1,IfcWallStandardCase,Masonry - Concrete Block,1.9941,m3,140.0,279.18,Envelope,
0jf0rYHfX3RAB3bSIRjmr1,IfcWallStandardCase,Metal - Stud Layer,0.4236,m3,0.0,0.0,(unpriced),missing from price list
0jf0rYHfX3RAB3bSIRjmr1,IfcWallStandardCase,Plasterboard,10.3323,m2,9.0,92.99,Finishes,
0iEHWY1$XA8eQeeULq4jZ1,IfcWallStandardCase,Metal - Stud Layer,1.6547,m3,0.0,0.0,(unpriced),missing from price list
0iEHWY1$XA8eQeeULq4jZ1,IfcWallStandardCase,Plasterboard,12.1666,m2,9.0,109.5,Finishes,
0iEHWY1$XA8eQeeULq4j_U,IfcWallStandardCase,Metal - Stud Layer,0.9035,m3,0.0,0.0,(unpriced),missing from price list
0iEHWY1$XA8eQeeULq4j_U,IfcWallStandardCase,Plasterboard,6.6433,m2,9.0,59.79,Finishes,
0iEHWY1$XA8eQeeULq4jpl,IfcWallStandardCase,Plasterboard,4.0695,m2,9.0,36.63,Finishes,
0iEHWY1$XA8eQeeULq4jpl,IfcWallStandardCase,Metal - Stud Layer,0.3744,m3,0.0,0.0,(unpriced),missing from price list
0iEHWY1$XA8eQeeULq4jpl,IfcWallStandardCase,Plasterboard,4.0695,m2,9.0,36.63,Finishes,
0iEHWY1$XA8eQeeULq4jDb,IfcWallStandardCase,Metal - Stud Layer,0.8724,m3,0.0,0.0,(unpriced),missing from price list
0iEHWY1$XA8eQeeULq4jDb,IfcWallStandardCase,Plasterboard,6.4145,m2,9.0,57.73,Finishes,
0iEHWY1$XA8eQeeULq4jE6,IfcWallStandardCase,Metal - Stud Layer,1.5969,m3,0.0,0.0,(unpriced),missing from price list
0iEHWY1$XA8eQeeULq4jE6,IfcWallStandardCase,Plasterboard,11.7418,m2,9.0,105.68,Finishes,
0dxE1Sy6nDqfpDb5vIMNiA,IfcWallStandardCase,Metal - Stud Layer,1.4681,m3,0.0,0.0,(unpriced),missing from price list
0dxE1Sy6nDqfpDb5vIMNiA,IfcWallStandardCase,Plasterboard,10.7952,m2,9.0,97.16,Finishes,
0dxE1Sy6nDqfpDb5vIMN_Z,IfcWallStandardCase,Metal - Stud Layer,1.4681,m3,0.0,0.0,(unpriced),missing from price list
0dxE1Sy6nDqfpDb5vIMN_Z,IfcWallStandardCase,Plasterboard,10.7952,m2,9.0,97.16,Finishes,
1aj$VJZFn2TxepZUBcKpvt,IfcWallStandardCase,Plasterboard,4.4196,m2,9.0,39.78,Finishes,
1aj$VJZFn2TxepZUBcKpvt,IfcWallStandardCase,Metal - Stud Layer,0.2642,m3,0.0,0.0,(unpriced),missing from price list
1aj$VJZFn2TxepZUBcKpvt,IfcWallStandardCase,Plasterboard,4.4196,m2,9.0,39.78,Finishes,
1aj$VJZFn2TxepZUBcKpZw,IfcWallStandardCase,Plasterboard,4.4196,m2,9.0,39.78,Finishes,
1aj$VJZFn2TxepZUBcKpZw,IfcWallStandardCase,Metal - Stud Layer,0.2642,m3,0.0,0.0,(unpriced),missing from price list
1aj$VJZFn2TxepZUBcKpZw,IfcWallStandardCase,Plasterboard,4.4196,m2,9.0,39.78,Finishes,
1aj$VJZFn2TxepZUBcKpee,IfcWallStandardCase,Plasterboard,1.6958,m2,9.0,15.26,Finishes,
1aj$VJZFn2TxepZUBcKpee,IfcWallStandardCase,Metal - Stud Layer,0.156,m3,0.0,0.0,(unpriced),missing from price list
1aj$VJZFn2TxepZUBcKpee,IfcWallStandardCase,Plasterboard,1.6958,m2,9.0,15.26,Finishes,
1aj$VJZFn2TxepZUBcKphf,IfcWallStandardCase,Plasterboard,1.6958,m2,9.0,15.26,Finishes,
1aj$VJZFn2TxepZUBcKphf,IfcWallStandardCase,Metal - Stud Layer,0.156,m3,0.0,0.0,(unpriced),missing from price list
1aj$VJZFn2TxepZUBcKphf,IfcWallStandardCase,Plasterboard,1.6958,m2,9.0,15.26,Finishes,
3Y4YRln2r91vflHcHE5IVS,IfcWallStandardCase,Metal - Stud Layer,0.0119,m3,0.0,0.0,(unpriced),missing from price list
3Y4YRln2r91vflHcHE5IVS,IfcWallStandardCase,Plasterboard,0.3119,m2,9.0,2.81,Finishes,
3Y4YRln2r91vflHcHE5IVT,IfcWallStandardCase,Metal - Stud Layer,0.0124,m3,0.0,0.0,(unpriced),missing from price list
3Y4YRln2r91vflHcHE5IVT,IfcWallStandardCase,Plasterboard,0.3269,m2,9.0,2.94,Finishes,
3Y4YRln2r91vflHcHE5IVI,IfcWallStandardCase,Metal - Stud Layer,0.0119,m3,0.0,0.0,(unpriced),missing from price list
3Y4YRln2r91vflHcHE5IVI,IfcWallStandardCase,Plasterboard,0.3119,m2,9.0,2.81,Finishes,
3Y4YRln2r91vflHcHE5IVJ,IfcWallStandardCase,Metal - Stud Layer,0.0124,m3,0.0,0.0,(unpriced),missing from price list
3Y4YRln2r91vflHcHE5IVJ,IfcWallStandardCase,Plasterboard,0.3269,m2,9.0,2.94,Finishes,
3Y4YRln2r91vflHcHE5ITp,IfcWallStandardCase,Metal - Stud Layer,0.0119,m3,0.0,0.0,(unpriced),missing from price list
3Y4YRln2r91vflHcHE5ITp,IfcWallStandardCase,Plasterboard,0.3119,m2,9.0,2.81,Finishes,
3Y4YRln2r91vflHcHE5ITm,IfcWallStandardCase,Metal - Stud Layer,0.0124,m3,0.0,0.0,(unpriced),missing from price list
3Y4YRln2r91vflHcHE5ITm,IfcWallStandardCase,Plasterboard,0.3269,m2,9.0,2.94,Finishes,
3Y4YRln2r91vflHcHE5ITn,IfcWallStandardCase,Metal - Stud Layer,0.0119,m3,0.0,0.0,(unpriced),missing from price list
3Y4YRln2r91vflHcHE5ITn,IfcWallStandardCase,Plasterboard,0.3119,m2,9.0,2.81,Finishes,
3Y4YRln2r91vflHcHE5ITs,IfcWallStandardCase,Metal - Stud Layer,0.0124,m3,0.0,0.0,(unpriced),missing from price list
3Y4YRln2r91vflHcHE5ITs,IfcWallStandardCase,Plasterboard,0.3269,m2,9.0,2.94,Finishes,
2O2Fr$t4X7Zf8NOew3FK4F,IfcSlab,Concrete,8.2271,m3,180.0,1480.87,Structure,
2O2Fr$t4X7Zf8NOew3FKcz,IfcSlab,Concrete,8.2431,m3,180.0,1483.76,Structure,
1hOSvn6df7F8_7GcBWlRqU,IfcSlab,Wood - Sheathing - plywood,1.1254,m3,0.0,0.0,(unpriced),missing from price list
1hOSvn6df7F8_7GcBWlRqU,IfcSlab,Wood - Dimensional Lumber,16.9395,m3,0.0,0.0,(unpriced),missing from price list
1hOSvn6df7F8_7GcBWlRrM,IfcSlab,Wood - Sheathing - plywood,1.1273,m3,0.0,0.0,(unpriced),missing from price list
1hOSvn6df7F8_7GcBWlRrM,IfcSlab,Wood - Dimensional Lumber,16.9695,m3,0.0,0.0,(unpriced),missing from price list
2OBrcmyk58NupXoVOHUtC0,IfcSlab,Wood - Flooring,23.1713,m2,72.0,1668.33,Finishes,
2OBrcmyk58NupXoVOHUtC0,IfcSlab,Insulation / Thermal Barriers - Semi-rigid insulation,0.0661,m3,95.0,6.28,Envelope,
2OBrcmyk58NupXoVOHUtDX,IfcSlab,Wood - Flooring,23.1713,m2,72.0,1668.33,Finishes,
2OBrcmyk58NupXoVOHUtDX,IfcSlab,Insulation / Thermal Barriers - Semi-rigid insulation,0.0661,m3,95.0,6.28,Envelope,
2OBrcmyk58NupXoVOHUtBP,IfcSlab,Wood - Flooring,23.2306,m2,72.0,1672.6,Finishes,
2OBrcmyk58NupXoVOHUtBP,IfcSlab,Insulation / Thermal Barriers - Semi-rigid insulation,0.0662,m3,95.0,6.29,Envelope,
2OBrcmyk58NupXoVOHUt8F,IfcSlab,Wood - Flooring,23.1713,m2,72.0,1668.33,Finishes,
2OBrcmyk58NupXoVOHUt8F,IfcSlab,Insulation / Thermal Barriers - Semi-rigid insulation,0.0661,m3,95.0,6.28,Envelope,
2OBrcmyk58NupXoVOHUt8s,IfcSlab,Wood - Flooring,11.5898,m2,72.0,834.46,Finishes,
2OBrcmyk58NupXoVOHUt8s,IfcSlab,Insulation / Thermal Barriers - Semi-rigid insulation,0.0216,m3,95.0,2.06,Envelope,
2OBrcmyk58NupXoVOHUt5W,IfcSlab,Wood - Flooring,11.5898,m2,72.0,834.46,Finishes,
2OBrcmyk58NupXoVOHUt5W,IfcSlab,Insulation / Thermal Barriers - Semi-rigid insulation,0.0216,m3,95.0,2.06,Envelope,
2OBrcmyk58NupXoVOHUt2f,IfcSlab,Ceramic Tile,6.3398,m2,38.0,240.91,Finishes,
2OBrcmyk58NupXoVOHUt2f,IfcSlab,Masonry - Grout,0.019,m3,0.0,0.0,(unpriced),missing from price list
2OBrcmyk58NupXoVOHUt0F,IfcSlab,Ceramic Tile,6.3398,m2,38.0,240.91,Finishes,
2OBrcmyk58NupXoVOHUt0F,IfcSlab,Masonry - Grout,0.019,m3,0.0,0.0,(unpriced),missing from price list
2OBrcmyk58NupXoVOHUtxr,IfcSlab,Wood - Flooring,74.1475,m2,72.0,5338.62,Finishes,
2OBrcmyk58NupXoVOHUtxr,IfcSlab,Insulation / Thermal Barriers - Semi-rigid insulation,0.1414,m3,95.0,13.44,Envelope,
2OBrcmyk58NupXoVOHUtoa,IfcSlab,Ceramic Tile,12.9541,m2,38.0,492.25,Finishes,
2OBrcmyk58NupXoVOHUtoa,IfcSlab,Masonry - Grout,0.0389,m3,0.0,0.0,(unpriced),missing from price list
2OBrcmyk58NupXoVOHUtjR,IfcSlab,Ceramic Tile,3.161,m2,38.0,120.12,Finishes,
2OBrcmyk58NupXoVOHUtjR,IfcSlab,Masonry - Grout,0.0095,m3,0.0,0.0,(unpriced),missing from price list
2OBrcmyk58NupXoVOHUtju,IfcSlab,Ceramic Tile,3.161,m2,38.0,120.12,Finishes,
2OBrcmyk58NupXoVOHUtju,IfcSlab,Masonry - Grout,0.0095,m3,0.0,0.0,(unpriced),missing from price list
2OBrcmyk58NupXoVOHUtgP,IfcSlab,Wood - Flooring,74.1475,m2,72.0,5338.62,Finishes,
2OBrcmyk58NupXoVOHUtgP,IfcSlab,Insulation / Thermal Barriers - Semi-rigid insulation,0.1415,m3,95.0,13.44,Envelope,
2OBrcmyk58NupXoVOHUten,IfcSlab,Ceramic Tile,12.9541,m2,38.0,492.25,Finishes,
2OBrcmyk58NupXoVOHUten,IfcSlab,Masonry - Grout,0.0389,m3,0.0,0.0,(unpriced),missing from price list
1CZILmCaHETO8tf3SgGEWh,IfcSlab,Concrete - Cast In Situ,3.813,m3,180.0,686.34,Structure,
1CZILmCaHETO8tf3SgGEXu,IfcSlab,Concrete - Cast In Situ,3.813,m3,180.0,686.34,Structure,
2OrWItJ6zAwBNp0OUxK_l8,IfcBeam,Metal - Steel - 345 MPa,451.1993,kg,2.8,1263.36,Structure,
2OrWItJ6zAwBNp0OUxK$8W,IfcBeam,Metal - Steel - 345 MPa,376.3483,kg,2.8,1053.78,Structure,
2OrWItJ6zAwBNp0OUxK$Bq,IfcBeam,Metal - Steel - 345 MPa,250.9002,kg,2.8,702.52,Structure,
2OrWItJ6zAwBNp0OUxK$CR,IfcBeam,Metal - Steel - 345 MPa,249.6047,kg,2.8,698.89,Structure,
2OrWItJ6zAwBNp0OUxK$Dv,IfcBeam,Metal - Steel - 345 MPa,451.1993,kg,2.8,1263.36,Structure,
2OrWItJ6zAwBNp0OUxK$Du,IfcBeam,Metal - Steel - 345 MPa,376.3483,kg,2.8,1053.78,Structure,
2OrWItJ6zAwBNp0OUxK$Dx,IfcBeam,Metal - Steel - 345 MPa,250.9002,kg,2.8,702.52,Structure,
2OrWItJ6zAwBNp0OUxK$Dw,IfcBeam,Metal - Steel - 345 MPa,249.6047,kg,2.8,698.89,Structure,
3bXiCStxP6Fgxdej$yc5T8,IfcCovering,Metal - Stud Layer,3.2284,m3,0.0,0.0,(unpriced),missing from price list
3bXiCStxP6Fgxdej$yc5T8,IfcCovering,Plasterboard,74.1475,m2,9.0,667.33,Finishes,
3bXiCStxP6Fgxdej$yc503,IfcCovering,Metal - Stud Layer,5.005,m3,0.0,0.0,(unpriced),missing from price list
3bXiCStxP6Fgxdej$yc503,IfcCovering,Plasterboard,3.1764,m2,9.0,28.59,Finishes,
3bXiCStxP6Fgxdej$yc50B,IfcCovering,Metal - Stud Layer,5.005,m3,0.0,0.0,(unpriced),missing from price list
3bXiCStxP6Fgxdej$yc50B,IfcCovering,Plasterboard,3.1764,m2,9.0,28.59,Finishes,
3bXiCStxP6Fgxdej$yc50U,IfcCovering,Metal - Stud Layer,5.4395,m3,0.0,0.0,(unpriced),missing from price list
3bXiCStxP6Fgxdej$yc50U,IfcCovering,Plasterboard,3.3672,m2,9.0,30.3,Finishes,
3bXiCStxP6Fgxdej$yc50n,IfcCovering,Metal - Stud Layer,6.2743,m3,0.0,0.0,(unpriced),missing from price list
3bXiCStxP6Fgxdej$yc50n,IfcCovering,Plasterboard,74.1475,m2,9.0,667.33,Finishes,
3bXiCStxP6Fgxdej$yc52o,IfcCovering,Metal - Stud Layer,31.3148,m3,0.0,0.0,(unpriced),missing from price list
3bXiCStxP6Fgxdej$yc52o,IfcCovering,Plasterboard,23.1713,m2,9.0,208.54,Finishes,
3bXiCStxP6Fgxdej$yc554,IfcCovering,Metal - Stud Layer,1.2535,m3,0.0,0.0,(unpriced),missing from price list
3bXiCStxP6Fgxdej$yc554,IfcCovering,Plasterboard,23.1713,m2,9.0,208.54,Finishes,
3bXiCStxP6Fgxdej$yc55E,IfcCovering,Metal - Stud Layer,10.4327,m3,0.0,0.0,(unpriced),missing from price list
3bXiCStxP6Fgxdej$yc55E,IfcCovering,Plasterboard,6.735,m2,9.0,60.62,Finishes,
3bXiCStxP6Fgxdej$yc55M,IfcCovering,Metal - Stud Layer,15.0304,m3,0.0,0.0,(unpriced),missing from price list
3bXiCStxP6Fgxdej$yc55M,IfcCovering,Plasterboard,10.4145,m2,9.0,93.73,Finishes,
3bXiCStxP6Fgxdej$yc55U,IfcCovering,Metal - Stud Layer,10.1649,m3,0.0,0.0,(unpriced),missing from price list
3bXiCStxP6Fgxdej$yc55U,IfcCovering,Plasterboard,6.735,m2,9.0,60.62,Finishes,
3bXiCStxP6Fgxdej$yc55c,IfcCovering,Metal - Stud Layer,13.9896,m3,0.0,0.0,(unpriced),missing from price list
3bXiCStxP6Fgxdej$yc55c,IfcCovering,Plasterboard,10.4145,m2,9.0,93.73,Finishes,
3bXiCStxP6Fgxdej$yc55k,IfcCovering,Metal - Stud Layer,1.7151,m3,0.0,0.0,(unpriced),missing from price list
3bXiCStxP6Fgxdej$yc55k,IfcCovering,Plasterboard,23.1713,m2,9.0,208.54,Finishes,
3bXiCStxP6Fgxdej$yc55m,IfcCovering,Metal - Stud Layer,33.3052,m3,0.0,0.0,(unpriced),missing from price list
3bXiCStxP6Fgxdej$yc55m,IfcCovering,Plasterboard,23.1713,m2,9.0,208.54,Finishes,
